EmployeeID,FirstName,LastName,Gender,DepartmentID,CityID,EducationID,Salary,Experience,HireDate
1001,Rahul,Mehta,Male,3,2,2,49434.0,4,2023-08-03
1002,Priya,Sharma,Female,1,2,2,103563.0,0,2018-03-25
1003,Meera,Singh,Female,7,7,1,92892.0,5,2019-10-25
1004,Sneha,Reddy,Female,4,1,3,125631.0,11,2018-12-19
1005,Anil,Verma,Male,1,5,3,122174.0,11,2018-02-26
1006,Abhishek,Singh,Male,1,7,2,84323.0,3,2019-02-12
1007,Anjali,Gupta,Female,3,2,3,112840.0,2,2023-02-13
1008,Vikram,Nair,Male,4,3,5,130233.0,7,2019-08-21
1009,Abhishek,Gupta,Male,4,3,1,113341.0,6,2024-01-19
1010,Divya,Kulkarni,Female,6,4,2,60301.0,8,2018-10-07
1011,Anu,Yadav,Female,4,3,2,102784.0,4,2021-07-14
1012,Vikram,Joshi,Male,2,7,4,83432.0,2,2020-04-12
1013,Aisha,Iyer,Female,1,6,1,126012.0,8,2019-10-25
1014,Naveen,Sharma,Male,6,6,3,104042.0,5,2017-03-11
1015,Vikram,Gupta,Male,7,2,5,108504.0,0,2019-08-20
1016,Anu,Iyer,Female,7,3,2,63071.0,1,2022-05-12
1017,Lakshmi,Reddy,Female,7,5,2,122474.0,4,2021-04-30
1018,Pooja,Kulkarni,Female,5,7,2,95796.0,9,2023-07-14
1019,Sneha,Patel,Female,2,1,3,107110.0,0,2022-03-18
1020,Amit,Mehta,Male,6,1,2,37117.0,2,2019-09-15
1021,Nisha,Nair,Female,2,5,2,84350.0,15,2024-10-18
1022,Amit,Reddy,Male,6,4,3,103383.0,13,2021-03-27
1023,Rahul,Verma,Male,6,3,1,65612.0,7,2018-02-18
1024,Anjali,Singh,Female,4,2,1,123132.0,14,2017-02-05
1025,Amit,Kulkarni,Male,7,7,2,90769.0,5,2021-06-12
1026,Anu,Sharma,Female,2,4,1,82760.0,12,2024-10-16
1027,Anjali,Patel,Female,3,2,1,72604.0,1,2016-08-22
1028,Rahul,Rao,Male,1,7,2,110992.0,2,2016-10-05
1029,Manish,Yadav,Male,1,5,1,135663.0,13,2022-07-18
1030,Pooja,Joshi,Female,6,3,2,93876.0,8,2017-06-20
1031,Rahul,Nair,Male,5,5,1,103468.0,2,2018-05-23
1032,Anu,Reddy,Female,2,3,3,94933.0,5,2022-02-03
1033,Varun,Iyer,Male,5,3,1,70664.0,4,2017-04-17
1034,Karan,Singh,Male,5,2,3,122130.0,6,2018-12-17
1035,Amit,Joshi,Male,4,7,3,31964.0,1,2019-09-28
1036,Anjali,Mehta,Female,4,5,4,44663.0,0,2016-11-04
1037,Meera,Rao,Female,2,4,2,71904.0,1,2020-02-02
1038,Varun,Patel,Male,6,1,3,130851.0,13,2024-05-27
1039,Sanjay,Kumar,Male,7,7,2,52748.0,13,2018-01-04
1040,Shreya,Joshi,Female,7,6,2,62866.0,8,2024-10-30
1041,Sanjay,Nair,Male,2,2,4,86501.0,11,2024-12-01
1042,Suresh,Gupta,Male,3,7,1,88025.0,8,2023-03-12
1043,Priya,Reddy,Female,3,2,5,47014.0,8,2017-03-20
1044,Divya,Yadav,Female,5,1,4,72386.0,6,2016-06-30
1045,Rohit,Verma,Male,1,6,3,131951.0,10,2017-05-25
1046,Neha,Verma,Female,6,3,5,61144.0,4,2020-09-18
1047,Manish,Yadav,Male,3,4,5,69829.0,0,2019-03-21
1048,Swathi,Nair,Female,4,6,2,74741.0,15,2023-05-22
1049,Sneha,Iyer,Female,7,2,3,66600.0,7,2017-08-26
1050,Meera,Iyer,Female,7,1,4,132044.0,13,2022-06-15
1051,Swathi,Verma,Female,2,2,1,90224.0,3,2018-06-15
1052,Priya,Rao,Female,2,7,1,68477.0,14,2024-12-26
1053,Shreya,Kulkarni,Female,4,5,5,121310.0,13,2020-12-31
1054,Swathi,Singh,Female,7,2,3,134649.0,15,2018-09-06
1055,Pooja,Singh,Female,3,3,5,51136.0,2,2017-09-09
1056,Deepak,Patel,Male,1,4,4,116121.0,10,2021-03-23
1057,Divya,Kulkarni,Female,7,5,1,110518.0,12,2016-01-25
1058,Lakshmi,Kulkarni,Female,7,4,5,104493.0,7,2018-06-17
1059,Suresh,Gupta,Male,6,6,4,98761.0,5,2017-06-06
1060,Meera,Yadav,Female,6,1,1,67286.0,13,2021-03-06
1061,Neha,Patel,Female,4,3,3,84471.0,12,2024-06-07
1062,Naveen,Sharma,Male,6,5,1,75889.0,11,2023-04-16
1063,Abhishek,Sharma,Male,2,2,1,67266.0,4,2017-06-01
1064,Naveen,Mehta,Male,3,7,3,116915.0,5,2022-10-23
1065,Karan,Reddy,Male,5,1,3,99990.0,12,2024-01-07
1066,Amit,Mehta,Male,7,3,5,108677.0,3,2024-10-10
1067,Nisha,Gupta,Female,1,5,3,85057.0,0,2021-06-30
1068,Nisha,Kulkarni,Female,7,4,2,72586.0,13,2024-03-24
1069,Meera,Das,Female,5,7,4,108091.0,14,2024-03-13
1070,Sanjay,Kulkarni,Male,1,3,4,101410.0,7,2022-05-23
1071,Priya,Nair,Female,7,3,2,80302.0,15,2019-12-24
1072,Aisha,Sharma,Female,5,2,1,93771.0,7,2021-06-24
1073,Nisha,Mehta,Female,4,4,1,71566.0,2,2018-06-26
1074,Nisha,Yadav,Female,3,4,5,102271.0,11,2024-05-13
1075,Kavya,Singh,Female,3,2,1,80359.0,6,2017-05-04
1076,Arjun,Patel,Male,6,4,3,56676.0,9,2018-03-06
1077,Karan,Sharma,Male,6,5,2,47965.0,8,2016-08-11
1078,Varun,Iyer,Male,7,4,1,105243.0,0,2019-03-10
1079,Anjali,Sharma,Female,3,7,4,43064.0,3,2020-06-29
1080,Vikram,Kumar,Male,7,5,3,65530.0,2,2017-04-30
1081,Abhishek,Rao,Male,4,4,4,120639.0,9,2020-10-22
1082,Manish,Mehta,Male,1,7,2,73687.0,6,2023-05-29
1083,Ajay,Reddy,Male,2,1,4,128832.0,14,2021-04-08
1084,Riya,Singh,Female,6,7,4,63595.0,2,2018-12-19
1085,Suresh,Reddy,Male,5,2,2,60643.0,8,2016-10-19
1086,Meera,Mehta,Female,7,5,3,67299.0,14,2021-04-03
1087,Aisha,Rao,Female,4,4,1,88126.0,1,2024-03-27
1088,Amit,Patel,Male,6,7,5,118117.0,0,2019-01-08
1089,Naveen,Rao,Male,6,4,3,114220.0,5,2020-11-20
1090,Neha,Verma,Female,3,3,1,80728.0,5,2020-08-13
1091,Lakshmi,Das,Female,5,1,4,74224.0,2,2018-10-30
1092,Lakshmi,Rao,Female,7,1,5,105165.0,14,2016-08-10
1093,Nisha,Nair,Female,7,1,2,113987.0,8,2017-06-20
1094,Sneha,Sharma,Female,6,5,2,78230.0,5,2022-03-06
1095,Arjun,Iyer,Male,1,4,1,101323.0,4,2024-01-14
1096,Divya,Iyer,Female,4,4,2,123255.0,14,2017-08-15
1097,Sanjay,Reddy,Male,3,7,4,111550.0,10,2018-12-30
1098,Lakshmi,Yadav,Female,5,6,4,94529.0,4,2022-01-15
1099,Swathi,Kulkarni,Female,3,7,2,115446.0,7,2020-04-17
1100,Priya,Gupta,Female,6,4,4,134991.0,12,2024-11-19
1101,Vikram,Rao,Male,5,3,1,64069.0,14,2021-11-24
1102,Suresh,Iyer,Male,6,2,1,87237.0,15,2019-10-18
1103,Sanjay,Gupta,Male,7,6,5,89505.0,12,2023-01-11
1104,Manish,Reddy,Male,2,6,3,52346.0,7,2020-11-12
1105,Naveen,Kumar,Male,6,3,1,74016.0,1,2024-12-05
1106,Divya,Kumar,Female,2,5,4,59780.0,5,2017-12-18
1107,Meera,Joshi,Female,2,4,5,66433.0,4,2021-03-03
1108,Anil,Das,Male,4,3,5,47181.0,5,2020-12-14
1109,Nisha,Verma,Female,6,3,4,69611.0,9,2020-04-24
1110,Meera,Gupta,Female,5,3,3,116275.0,0,2020-06-09
1111,Anil,Yadav,Male,6,4,3,120069.0,7,2024-12-28
1112,Manish,Singh,Male,6,7,2,116742.0,3,2023-04-01
1113,Priya,Yadav,Female,3,6,2,71680.0,2,2019-08-31
1114,Abhishek,Rao,Male,3,5,5,63567.0,8,2018-11-18
1115,Riya,Iyer,Female,3,7,1,60869.0,14,2017-07-30
1116,Lakshmi,Das,Female,5,3,1,49824.0,12,2018-12-19
1117,Nisha,Mehta,Female,6,3,5,131695.0,12,2020-03-01
1118,Priya,Yadav,Female,5,3,5,125389.0,7,2016-09-15
1119,Nisha,Verma,Female,1,2,1,71393.0,1,2021-07-10
1120,Suresh,Nair,Male,3,6,5,126483.0,13,2024-04-28
1121,Sanjay,Nair,Male,5,4,3,80066.0,1,2018-06-08
1122,Sanjay,Gupta,Male,1,6,3,54436.0,11,2020-06-18
1123,Sanjay,Iyer,Male,4,1,2,36629.0,0,2024-10-27
1124,Abhishek,Yadav,Male,2,1,5,115858.0,6,2018-06-03
1125,Abhishek,Kulkarni,Male,5,1,3,53038.0,4,2022-01-21
1126,Varun,Iyer,Male,1,2,1,77686.0,11,2022-08-08
1127,Priya,Kumar,Female,6,4,5,42830.0,3,2021-05-04
1128,Naveen,Rao,Male,2,5,1,103536.0,9,2023-03-20
1129,Lakshmi,Verma,Female,4,6,1,110638.0,15,2016-10-28
1130,Amit,Kumar,Male,3,5,5,94925.0,10,2022-09-12
1131,Sneha,Das,Female,6,1,5,95370.0,6,2021-01-23
1132,Divya,Verma,Female,6,1,3,90463.0,13,2023-06-17
1133,Varun,Kulkarni,Male,4,1,1,45219.0,2,2020-11-03
1134,Shreya,Kumar,Female,5,1,5,132819.0,10,2017-05-15
1135,Lakshmi,Kulkarni,Female,6,1,3,89590.0,9,2017-02-28
1136,Varun,Nair,Male,2,7,1,119410.0,11,2020-02-14
1137,Abhishek,Verma,Male,7,5,5,109822.0,0,2023-05-18
1138,Riya,Das,Female,3,3,3,53777.0,0,2017-08-09
1139,Vikram,Mehta,Male,6,1,1,88308.0,6,2020-09-15
1140,Kavya,Mehta,Female,3,7,5,39895.0,2,2017-09-29
1141,Varun,Reddy,Male,3,4,4,132070.0,15,2020-12-15
1142,Rohit,Verma,Male,1,3,5,121566.0,15,2023-06-25
1143,Meera,Sharma,Female,1,2,3,56987.0,6,2024-07-27
1144,Rahul,Nair,Male,6,4,2,85834.0,4,2021-12-21
1145,Sneha,Verma,Female,7,6,1,51956.0,13,2021-02-26
1146,Meera,Verma,Female,6,6,4,58596.0,9,2020-07-17
1147,Abhishek,Yadav,Male,4,7,3,90240.0,2,2017-03-09
1148,Aisha,Reddy,Female,4,7,3,74041.0,10,2019-09-26
1149,Ajay,Rao,Male,2,7,3,131099.0,11,2017-08-27
1150,Pooja,Kumar,Female,5,2,1,119806.0,5,2021-07-16
1151,Nisha,Kulkarni,Female,5,6,5,127210.0,10,2019-07-18
1152,Swathi,Joshi,Female,3,7,3,77629.0,1,2021-09-09
1153,Priya,Sharma,Female,3,7,3,117497.0,2,2017-01-04
1154,Swathi,Yadav,Female,5,7,1,125928.0,14,2023-04-23
1155,Aisha,Kumar,Female,1,4,1,56053.0,10,2021-08-28
1156,Swathi,Rao,Female,5,5,2,95370.0,11,2019-03-04
1157,Nisha,Yadav,Female,1,7,3,76213.0,2,2017-01-22
1158,Kavya,Mehta,Female,7,6,5,79694.0,4,2016-11-29
1159,Kavya,Joshi,Female,6,6,4,113993.0,4,2023-12-13
1160,Nisha,Das,Female,3,7,2,117675.0,2,2023-07-09
1161,Rohit,Singh,Male,2,2,3,77666.0,15,2018-07-16
1162,Lakshmi,Das,Female,1,5,5,118260.0,1,2019-10-11
1163,Anjali,Kumar,Female,2,7,5,94866.0,5,2016-06-27
1164,Naveen,Yadav,Male,3,7,4,110493.0,7,2018-09-06
1165,Anu,Iyer,Female,2,3,5,111513.0,14,2024-08-17
1166,Anjali,Iyer,Female,2,7,5,68768.0,4,2016-08-01
1167,Deepak,Iyer,Male,5,7,1,54493.0,9,2024-07-22
1168,Sanjay,Verma,Male,1,2,4,49995.0,11,2020-08-26
1169,Pooja,Verma,Female,1,3,2,71770.0,0,2017-02-09
1170,Rahul,Singh,Male,7,4,2,111299.0,15,2022-11-25
1171,Karan,Patel,Male,7,2,5,64073.0,13,2024-09-14
1172,Rahul,Patel,Male,4,6,5,59232.0,14,2017-03-30
1173,Varun,Rao,Male,5,2,2,99761.0,9,2016-01-07
1174,Anjali,Joshi,Female,6,1,5,55370.0,11,2021-11-24
1175,Suresh,Iyer,Male,4,1,4,79746.0,11,2024-05-19
1176,Rohit,Patel,Male,6,6,1,62486.0,10,2016-06-30
1177,Sanjay,Das,Male,6,4,4,55175.0,5,2016-09-15
1178,Rahul,Das,Male,2,1,3,111052.0,9,2020-06-19
1179,Abhishek,Joshi,Male,2,3,3,117448.0,1,2019-09-21
1180,Divya,Kulkarni,Female,4,6,4,92438.0,12,2018-02-04
1181,Anu,Das,Female,5,3,1,59845.0,13,2020-10-29
1182,Ajay,Singh,Male,3,1,1,131628.0,10,2019-04-25
1183,Anjali,Mehta,Female,4,3,4,77710.0,1,2022-11-23
1184,Amit,Joshi,Male,6,4,3,41581.0,5,2017-08-07
1185,Priya,Kumar,Female,1,2,3,96681.0,11,2022-05-12
1186,Neha,Gupta,Female,4,7,1,105397.0,4,2020-02-12
1187,Pooja,Reddy,Female,1,6,2,120361.0,15,2020-05-04
1188,Riya,Nair,Female,2,5,3,78737.0,15,2017-05-17
1189,Anjali,Kulkarni,Female,6,4,1,132535.0,10,2019-11-24
1190,Anu,Singh,Female,7,2,2,113183.0,11,2018-07-07
1191,Arjun,Das,Male,4,1,3,107763.0,11,2022-03-09
1192,Amit,Singh,Male,4,6,4,103165.0,13,2022-06-12
1193,Nisha,Reddy,Female,4,4,5,63321.0,11,2024-09-30
1194,Abhishek,Kumar,Male,4,5,1,102408.0,3,2017-09-18
1195,Anu,Mehta,Female,2,3,5,53836.0,9,2018-10-23
1196,Anjali,Joshi,Female,3,5,5,98873.0,2,2023-03-10
1197,Vikram,Joshi,Male,5,6,5,118874.0,10,2016-06-17
1198,Nisha,Patel,Female,7,5,4,95278.0,0,2023-01-12
1199,Swathi,Patel,Female,7,7,4,102946.0,9,2016-10-25
1200,Swathi,Nair,Female,2,3,5,76970.0,4,2024-01-21
1201,Divya,Kumar,Female,7,3,5,76327.0,3,2018-09-17
1202,Pooja,Kumar,Female,1,1,3,128658.0,12,2020-09-08
1203,Sanjay,Gupta,Male,5,6,3,59885.0,6,2021-08-02
1204,Swathi,Sharma,Female,1,4,5,82552.0,14,2018-05-31
1205,Karan,Nair,Male,5,7,4,113845.0,9,2016-02-03
1206,Riya,Gupta,Female,7,4,3,84005.0,1,2016-07-28
1207,Aisha,Singh,Female,1,4,5,123070.0,14,2019-02-19
1208,Vikram,Reddy,Male,4,3,3,65409.0,11,2018-03-26
1209,Rahul,Sharma,Male,2,6,3,120569.0,15,2021-02-14
1210,Rohit,Kulkarni,Male,5,3,2,128805.0,12,2024-04-16
1211,Riya,Yadav,Female,3,4,1,89916.0,11,2023-07-22
1212,Shreya,Kulkarni,Female,6,7,1,87303.0,15,2023-05-09
1213,Manish,Nair,Male,2,5,5,67369.0,12,2023-08-20
1214,Arjun,Sharma,Male,4,3,4,90127.0,4,2023-09-29
1215,Lakshmi,Iyer,Female,6,6,1,103984.0,4,2018-04-29
1216,Aisha,Verma,Female,3,2,4,116601.0,10,2019-12-22
1217,Arjun,Singh,Male,5,3,2,81380.0,9,2023-11-27
1218,Neha,Nair,Female,3,5,3,59474.0,9,2022-06-06
1219,Lakshmi,Gupta,Female,7,7,2,49013.0,9,2019-03-24
1220,Nisha,Singh,Female,6,4,2,109592.0,6,2019-01-15
1221,Amit,Yadav,Male,6,5,2,47153.0,7,2023-07-06
1222,Rahul,Reddy,Male,4,3,4,123785.0,3,2024-08-23
1223,Suresh,Joshi,Male,4,4,2,85596.0,9,2019-03-15
1224,Varun,Yadav,Male,2,5,1,92273.0,5,2017-12-21
1225,Shreya,Nair,Female,2,6,3,32714.0,1,2019-05-07
1226,Kavya,Nair,Female,6,5,5,70089.0,15,2021-08-27
1227,Rohit,Kumar,Male,6,4,3,39346.0,5,2024-04-05
1228,Vikram,Yadav,Male,7,6,4,117038.0,13,2019-09-05
1229,Vikram,Kumar,Male,4,3,2,64181.0,0,2020-04-20
1230,Neha,Singh,Female,5,6,5,64282.0,0,2023-05-01
1231,Varun,Reddy,Male,4,3,2,137925.0,12,2021-08-20
1232,Neha,Yadav,Female,2,2,2,72578.0,15,2021-02-06
1233,Shreya,Rao,Female,7,6,2,129673.0,7,2024-06-18
1234,Ajay,Nair,Male,5,6,3,106946.0,2,2017-04-04
1235,Manish,Rao,Male,2,2,3,66235.0,14,2023-08-18
1236,Sneha,Kulkarni,Female,5,4,1,68294.0,14,2021-10-03
1237,Ajay,Nair,Male,6,7,3,81897.0,0,2018-11-08
1238,Rahul,Verma,Male,3,6,1,40546.0,1,2021-04-17
1239,Abhishek,Kumar,Male,7,6,4,96632.0,11,2021-01-11
1240,Varun,Iyer,Male,3,1,2,117316.0,12,2017-06-05
1241,Karan,Nair,Male,6,6,5,119221.0,13,2020-04-02
1242,Anjali,Singh,Female,2,6,1,118033.0,1,2020-09-13
1243,Arjun,Patel,Male,1,1,5,90015.0,1,2022-09-14
1244,Suresh,Nair,Male,2,5,2,49867.0,1,2021-08-25
1245,Meera,Yadav,Female,7,6,3,80052.0,7,2017-08-09
1246,Kavya,Sharma,Female,5,5,2,122356.0,13,2021-07-23
1247,Shreya,Rao,Female,3,6,4,69058.0,13,2019-05-13
1248,Pooja,Iyer,Female,2,3,2,58552.0,14,2022-04-22
1249,Suresh,Patel,Male,3,2,3,91954.0,2,2020-02-28
1250,Rahul,Singh,Male,4,6,5,41039.0,1,2018-02-09
1251,Naveen,Patel,Male,7,3,3,57762.0,0,2018-02-17
1252,Anu,Patel,Female,6,5,2,79369.0,12,2022-03-11
1253,Swathi,Rao,Female,6,3,3,89139.0,8,2021-10-01
1254,Shreya,Iyer,Female,3,2,3,99254.0,10,2016-07-06
1255,Rahul,Singh,Male,5,5,5,88191.0,13,2017-09-16
1256,Meera,Iyer,Female,2,4,5,78728.0,10,2024-07-23
1257,Swathi,Kumar,Female,6,7,3,55844.0,5,2024-01-29
1258,Ajay,Sharma,Male,7,7,1,32336.0,1,2020-08-16
1259,Amit,Mehta,Male,2,1,2,99916.0,14,2016-09-04
1260,Nisha,Nair,Female,1,1,5,51053.0,13,2016-03-09
1261,Priya,Rao,Female,7,6,4,51526.0,5,2017-01-29
1262,Manish,Rao,Male,3,7,3,94022.0,8,2016-11-19
1263,Meera,Patel,Female,6,2,3,118686.0,2,2023-04-15
1264,Divya,Rao,Female,4,1,1,48337.0,5,2021-08-09
1265,Meera,Iyer,Female,1,5,1,68210.0,7,2023-10-06
1266,Anil,Reddy,Male,6,3,5,55008.0,1,2019-07-12
1267,Abhishek,Iyer,Male,6,7,4,72226.0,2,2017-10-27
1268,Nisha,Kulkarni,Female,5,3,4,46279.0,4,2021-08-13
1269,Pooja,Iyer,Female,1,3,5,90778.0,12,2016-05-01
1270,Swathi,Patel,Female,3,5,4,73845.0,13,2023-08-16
1271,Abhishek,Yadav,Male,3,7,2,43752.0,2,2019-01-02
1272,Deepak,Verma,Male,3,3,1,33680.0,2,2019-06-16
1273,Sneha,Kumar,Female,1,2,4,124005.0,14,2022-03-22
1274,Amit,Gupta,Male,5,1,5,95493.0,10,2016-02-20
1275,Deepak,Kulkarni,Male,5,2,5,127325.0,5,2020-04-08
1276,Kavya,Nair,Female,2,1,2,85670.0,13,2020-09-20
1277,Rohit,Singh,Male,2,6,4,99012.0,6,2017-03-14
1278,Neha,Iyer,Female,5,4,3,94874.0,14,2020-10-29
1279,Meera,Mehta,Female,2,4,3,89698.0,5,2019-07-31
1280,Meera,Das,Female,2,3,4,93502.0,8,2020-02-04
1281,Manish,Rao,Male,2,6,5,90505.0,0,2023-12-11
1282,Lakshmi,Mehta,Female,1,7,4,70742.0,15,2023-02-07
1283,Deepak,Verma,Male,7,4,1,129372.0,14,2021-05-16
1284,Aisha,Sharma,Female,7,3,5,47335.0,2,2024-08-15
1285,Anjali,Joshi,Female,5,1,5,91463.0,12,2024-12-05
1286,Karan,Patel,Male,5,6,5,98929.0,7,2020-03-12
1287,Rohit,Sharma,Male,4,1,3,60753.0,13,2017-04-20
1288,Swathi,Das,Female,2,5,4,108911.0,11,2017-02-03
1289,Neha,Reddy,Female,3,1,1,74967.0,0,2023-04-08
1290,Anil,Mehta,Male,2,5,2,80883.0,5,2022-04-12
1291,Abhishek,Verma,Male,6,2,2,101349.0,13,2016-04-29
1292,Meera,Verma,Female,4,1,2,75483.0,6,2024-06-08
1293,Rohit,Gupta,Male,2,4,1,129910.0,8,2021-06-27
1294,Meera,Verma,Female,5,4,5,80103.0,3,2019-12-12
1295,Anu,Yadav,Female,5,1,2,60448.0,10,2018-09-04
1296,Riya,Kumar,Female,5,4,4,111340.0,4,2020-04-20
1297,Ajay,Kumar,Male,4,3,2,78732.0,5,2021-01-21
1298,Priya,Nair,Female,2,2,4,106126.0,15,2023-09-05
1299,Swathi,Kumar,Female,1,5,1,78784.0,7,2016-05-13
1300,Anjali,Das,Female,4,5,4,109566.0,3,2017-04-12
1301,Aisha,Iyer,Female,7,1,4,94725.0,6,2017-02-23
1302,Naveen,Singh,Male,3,7,1,66386.0,14,2024-09-11
1303,Lakshmi,Mehta,Female,5,6,4,118260.0,5,2017-07-24
1304,Manish,Gupta,Male,5,3,5,79921.0,5,2023-11-23
1305,Lakshmi,Rao,Female,6,7,1,89948.0,4,2016-08-30
1306,Deepak,Iyer,Male,2,2,2,77447.0,10,2024-07-15
1307,Nisha,Verma,Female,4,4,1,85802.0,2,2021-10-12
1308,Swathi,Nair,Female,3,5,1,93089.0,2,2023-02-13
1309,Pooja,Verma,Female,7,2,4,84318.0,8,2019-03-07
1310,Manish,Iyer,Male,4,7,3,37521.0,1,2017-02-11
1311,Naveen,Nair,Male,1,4,2,121196.0,4,2019-05-21
1312,Sneha,Joshi,Female,3,3,1,133598.0,11,2023-04-11
1313,Riya,Mehta,Female,7,2,4,45475.0,2,2016-01-05
1314,Manish,Patel,Male,5,6,4,31056.0,0,2023-10-20
1315,Riya,Kumar,Female,4,1,2,59708.0,12,2024-03-12
1316,Anu,Singh,Female,2,4,2,44966.0,4,2021-12-12
1317,Naveen,Gupta,Male,6,2,2,130250.0,13,2023-09-13
1318,Anil,Reddy,Male,2,7,1,94076.0,12,2020-10-24
1319,Karan,Joshi,Male,1,2,5,47015.0,9,2023-05-20
1320,Deepak,Verma,Male,3,6,1,105365.0,7,2020-04-29
1321,Ajay,Kulkarni,Male,1,3,3,86703.0,4,2022-05-17
1322,Abhishek,Nair,Male,7,1,1,34807.0,2,2018-12-09
1323,Abhishek,Verma,Male,5,3,5,105018.0,13,2023-11-14
1324,Karan,Reddy,Male,3,1,5,59365.0,6,2022-01-06
1325,Karan,Mehta,Male,4,6,2,63544.0,1,2016-12-19
1326,Karan,Joshi,Male,6,6,2,36160.0,3,2023-12-09
1327,Naveen,Gupta,Male,5,5,3,86241.0,5,2017-06-03
1328,Abhishek,Kulkarni,Male,1,3,4,110662.0,8,2016-09-18
1329,Naveen,Nair,Male,5,3,1,126802.0,15,2017-11-14
1330,Anil,Yadav,Male,6,6,1,107192.0,7,2016-01-11
1331,Arjun,Sharma,Male,4,3,4,59456.0,4,2016-05-24
1332,Pooja,Gupta,Female,2,4,3,52208.0,8,2022-05-30
1333,Vikram,Patel,Male,7,5,1,57034.0,12,2021-03-20
1334,Neha,Reddy,Female,5,4,1,72802.0,11,2019-04-09
1335,Naveen,Gupta,Male,5,4,2,60235.0,7,2016-01-27
1336,Nisha,Iyer,Female,6,1,3,116154.0,0,2020-03-21
1337,Suresh,Nair,Male,1,2,3,38754.0,2,2018-08-06
1338,Swathi,Mehta,Female,1,5,1,119521.0,4,2020-06-03
1339,Suresh,Joshi,Male,2,2,3,83288.0,8,2024-12-24
1340,Neha,Nair,Female,3,2,1,56840.0,6,2024-09-29
1341,Vikram,Nair,Male,4,3,4,104744.0,3,2020-01-07
1342,Kavya,Iyer,Female,1,1,2,122576.0,9,2016-06-14
1343,Anjali,Reddy,Female,6,2,3,115300.0,12,2016-07-19
1344,Rahul,Verma,Male,7,4,5,52915.0,7,2021-03-07
1345,Amit,Sharma,Male,1,7,2,61969.0,4,2020-06-28
1346,Manish,Yadav,Male,3,7,1,38450.0,0,2018-03-20
1347,Anil,Iyer,Male,7,7,3,40096.0,3,2021-03-03
1348,Lakshmi,Mehta,Female,4,4,1,137550.0,12,2020-10-13
1349,Karan,Singh,Male,4,2,1,125340.0,7,2019-04-23
1350,Priya,Reddy,Female,3,4,2,75643.0,13,2023-03-17
1351,Suresh,Das,Male,6,3,4,97593.0,15,2022-05-05
1352,Anjali,Sharma,Female,3,5,2,66822.0,0,2016-08-27
1353,Vikram,Reddy,Male,2,6,2,111951.0,8,2024-11-14
1354,Manish,Iyer,Male,7,4,3,60581.0,5,2018-08-26
1355,Anu,Yadav,Female,1,6,3,109807.0,4,2018-02-10
1356,Naveen,Sharma,Male,1,1,2,43112.0,7,2021-11-26
1357,Abhishek,Kumar,Male,3,6,2,52806.0,10,2016-03-30
1358,Abhishek,Reddy,Male,7,5,3,81967.0,2,2023-11-25
1359,Kavya,Gupta,Female,2,2,4,137589.0,15,2019-07-23
1360,Pooja,Joshi,Female,5,7,2,88215.0,12,2024-03-25
1361,Deepak,Yadav,Male,4,7,5,55365.0,1,2022-10-03
1362,Varun,Yadav,Male,1,4,2,55198.0,10,2018-09-01
1363,Varun,Kulkarni,Male,1,7,3,52493.0,14,2018-12-22
1364,Rohit,Singh,Male,7,1,1,82085.0,1,2020-11-29
1365,Swathi,Kulkarni,Female,4,3,5,61294.0,12,2021-05-17
1366,Vikram,Nair,Male,1,7,1,46131.0,9,2019-07-29
1367,Rohit,Kumar,Male,4,2,1,77295.0,2,2022-08-30
1368,Suresh,Joshi,Male,2,5,4,44519.0,5,2017-02-18
1369,Suresh,Mehta,Male,5,6,5,128585.0,8,2019-02-27
1370,Suresh,Yadav,Male,5,7,4,43144.0,4,2020-01-17
1371,Lakshmi,Joshi,Female,6,5,4,51712.0,6,2016-04-15
1372,Sneha,Nair,Female,7,1,3,109727.0,12,2021-06-26
1373,Anjali,Gupta,Female,4,3,2,56848.0,14,2018-12-14
1374,Sanjay,Singh,Male,5,1,2,45733.0,3,2023-06-29
1375,Shreya,Yadav,Female,2,5,1,116495.0,12,2020-09-10
1376,Meera,Kulkarni,Female,2,4,3,84747.0,2,2024-01-04
1377,Amit,Das,Male,4,2,2,64260.0,6,2017-05-31
1378,Pooja,Iyer,Female,6,2,5,83910.0,8,2024-02-26
1379,Aisha,Gupta,Female,7,3,5,52620.0,14,2024-10-26
1380,Sneha,Verma,Female,2,2,5,48345.0,3,2022-04-23
1381,Anu,Verma,Female,3,4,4,57410.0,15,2017-12-06
1382,Priya,Verma,Female,3,6,2,93787.0,1,2019-01-05
1383,Kavya,Singh,Female,7,4,1,58114.0,7,2019-05-15
1384,Kavya,Mehta,Female,4,5,1,96896.0,6,2018-05-15
1385,Lakshmi,Sharma,Female,5,7,2,73779.0,2,2023-12-16
1386,Vikram,Patel,Male,7,2,1,44834.0,7,2021-02-12
1387,Karan,Gupta,Male,7,4,5,131284.0,12,2017-05-22
1388,Meera,Nair,Female,2,7,4,91621.0,11,2017-10-31
1389,Karan,Sharma,Male,4,1,2,68012.0,6,2023-04-05
1390,Nisha,Verma,Female,5,1,1,69842.0,15,2023-04-05
1391,Arjun,Singh,Male,5,7,3,97549.0,8,2020-03-22
1392,Naveen,Singh,Male,6,5,5,124609.0,12,2017-02-23
1393,Aisha,Joshi,Female,5,5,3,133207.0,9,2017-03-18
1394,Nisha,Gupta,Female,7,3,3,68188.0,9,2017-09-06
1395,Abhishek,Iyer,Male,7,7,5,134577.0,12,2019-08-02
1396,Kavya,Singh,Female,4,4,4,107918.0,1,2023-12-10
1397,Riya,Mehta,Female,2,6,5,140563.0,15,2020-01-08
1398,Sanjay,Joshi,Male,5,2,3,96206.0,3,2017-06-08
1399,Varun,Kulkarni,Male,3,6,1,87067.0,7,2018-07-03
1400,Neha,Singh,Female,5,3,4,96174.0,3,2016-08-07
1401,Naveen,Kulkarni,Male,2,5,1,117446.0,12,2019-05-07
1402,Vikram,Patel,Male,3,4,5,69772.0,14,2019-07-19
1403,Neha,Joshi,Female,2,3,1,89251.0,0,2019-01-25
1404,Manish,Das,Male,2,4,1,116541.0,4,2020-11-11
1405,Divya,Sharma,Female,1,5,2,48345.0,11,2019-08-12
1406,Varun,Mehta,Male,2,2,3,60399.0,9,2017-02-24
1407,Anjali,Reddy,Female,7,1,3,103259.0,9,2024-02-29
1408,Divya,Kulkarni,Female,6,2,3,99587.0,15,2024-05-30
1409,Priya,Patel,Female,2,6,2,41872.0,6,2022-08-12
1410,Riya,Joshi,Female,7,1,4,112088.0,8,2022-12-27
1411,Varun,Reddy,Male,6,7,1,46676.0,1,2020-09-03
1412,Swathi,Mehta,Female,2,2,1,98664.0,9,2023-06-03
1413,Meera,Yadav,Female,6,2,4,101554.0,3,2024-01-23
1414,Abhishek,Reddy,Male,4,2,5,73471.0,6,2021-11-12
1415,Kavya,Kumar,Female,1,5,4,102001.0,6,2019-09-16
1416,Anil,Reddy,Male,7,5,4,47807.0,4,2024-09-27
1417,Anil,Singh,Male,6,2,4,78119.0,9,2021-03-16
1418,Sanjay,Sharma,Male,7,3,3,100836.0,10,2024-04-13
1419,Rahul,Iyer,Male,2,6,2,91861.0,10,2020-11-27
1420,Rohit,Iyer,Male,3,2,1,100461.0,12,2021-02-12
1421,Shreya,Verma,Female,6,7,2,51868.0,3,2023-10-22
1422,Amit,Verma,Male,5,4,5,74758.0,14,2022-11-08
1423,Sanjay,Joshi,Male,7,6,2,116479.0,15,2017-04-07
1424,Karan,Joshi,Male,3,1,5,128297.0,7,2019-10-17
1425,Suresh,Joshi,Male,6,2,4,133493.0,11,2023-08-02
1426,Rahul,Joshi,Male,2,5,4,74179.0,15,2016-11-02
1427,Kavya,Sharma,Female,5,2,5,100858.0,12,2018-08-20
1428,Sneha,Iyer,Female,4,4,3,99691.0,3,2024-05-10
1429,Priya,Rao,Female,5,1,1,110128.0,9,2022-04-22
1430,Neha,Gupta,Female,7,1,2,94512.0,14,2022-04-13
1431,Riya,Nair,Female,1,1,2,74742.0,0,2019-12-25
1432,Riya,Reddy,Female,1,2,4,89636.0,4,2017-03-14
1433,Amit,Kulkarni,Male,7,4,2,75979.0,14,2024-01-14
1434,Priya,Kulkarni,Female,6,7,5,93548.0,3,2021-02-16
1435,Naveen,Sharma,Male,5,6,1,126192.0,13,2021-06-01
1436,Deepak,Yadav,Male,2,6,2,85278.0,3,2023-05-17
1437,Aisha,Kulkarni,Female,4,4,5,76360.0,7,2020-06-17
1438,Shreya,Kumar,Female,2,4,5,115302.0,9,2019-07-09
1439,Arjun,Yadav,Male,6,3,3,121208.0,4,2017-12-29
1440,Riya,Reddy,Female,7,3,5,128889.0,15,2022-05-26
1441,Anu,Iyer,Female,4,7,1,37812.0,3,2020-04-09
1442,Arjun,Singh,Male,7,7,2,133073.0,9,2018-10-23
1443,Pooja,Das,Female,5,1,3,64432.0,14,2022-11-28
1444,Pooja,Rao,Female,7,7,3,81514.0,1,2020-05-06
1445,Aisha,Sharma,Female,1,6,3,120338.0,6,2024-10-03
1446,Shreya,Yadav,Female,5,6,5,64362.0,6,2019-04-19
1447,Vikram,Kumar,Male,6,5,1,53326.0,12,2020-10-21
1448,Vikram,Yadav,Male,7,3,1,106122.0,10,2023-12-16
1449,Meera,Sharma,Female,7,6,5,107797.0,9,2024-11-09
1450,Abhishek,Mehta,Male,3,5,2,105736.0,5,2016-10-06
1451,Sneha,Gupta,Female,2,2,3,92290.0,10,2019-04-17
1452,Aisha,Iyer,Female,7,6,1,122179.0,3,2019-11-18
1453,Rahul,Joshi,Male,3,4,1,81631.0,12,2022-01-21
1454,Aisha,Das,Female,5,4,4,70354.0,1,2023-04-22
1455,Amit,Kumar,Male,7,5,5,112173.0,0,2016-09-25
1456,Sanjay,Joshi,Male,4,7,1,109484.0,6,2023-11-18
1457,Deepak,Joshi,Male,2,1,4,49965.0,10,2016-12-24
1458,Aisha,Reddy,Female,5,7,2,95429.0,8,2020-05-08
1459,Neha,Sharma,Female,4,6,1,114072.0,0,2024-01-29
1460,Deepak,Iyer,Male,1,3,5,72489.0,3,2024-10-28
1461,Shreya,Kulkarni,Female,4,4,4,92126.0,0,2017-10-02
1462,Shreya,Das,Female,7,5,3,75066.0,4,2023-08-06
1463,Ajay,Iyer,Male,5,2,1,32159.0,1,2022-06-03
1464,Karan,Patel,Male,6,6,3,93087.0,6,2023-03-30
1465,Arjun,Yadav,Male,7,3,2,58270.0,3,2023-07-11
1466,Nisha,Rao,Female,1,3,1,54871.0,8,2018-03-19
1467,Neha,Kumar,Female,6,6,2,71873.0,3,2022-12-12
1468,Swathi,Nair,Female,3,5,3,110128.0,4,2022-05-10
1469,Anjali,Sharma,Female,3,2,2,85764.0,13,2020-01-12
1470,Anu,Nair,Female,4,4,3,107328.0,9,2022-03-09
1471,Sanjay,Singh,Male,7,7,2,73502.0,6,2024-03-23
1472,Sanjay,Rao,Male,6,1,5,125337.0,12,2018-05-21
1473,Nisha,Das,Female,2,3,4,117780.0,7,2024-03-22
1474,Suresh,Gupta,Male,5,1,2,104888.0,5,2017-07-28
1475,Deepak,Mehta,Male,4,3,1,104416.0,7,2018-08-07
1476,Rahul,Joshi,Male,2,5,3,109561.0,12,2021-02-05
1477,Sneha,Mehta,Female,5,6,3,117842.0,8,2022-02-07
1478,Neha,Yadav,Female,6,7,1,91326.0,8,2018-07-01
1479,Swathi,Das,Female,4,5,1,93658.0,4,2017-11-09
1480,Pooja,Kumar,Female,2,2,3,121152.0,3,2018-08-01
1481,Naveen,Joshi,Male,4,4,2,122337.0,5,2020-08-10
1482,Manish,Yadav,Male,2,2,5,106508.0,1,2017-08-24
1483,Ajay,Verma,Male,5,5,1,54739.0,9,2018-06-06
1484,Lakshmi,Nair,Female,2,2,4,112368.0,4,2024-08-09
1485,Anjali,Mehta,Female,6,3,4,63122.0,2,2020-03-29
1486,Arjun,Rao,Male,7,5,4,115365.0,4,2017-01-29
1487,Anil,Das,Male,5,5,1,96208.0,2,2023-05-24
1488,Anil,Das,Male,6,6,4,98046.0,13,2016-06-26
1489,Shreya,Das,Female,4,3,5,90269.0,3,2017-07-02
1490,Anil,Iyer,Male,1,3,5,83291.0,13,2018-02-13
1491,Manish,Rao,Male,1,5,1,133792.0,12,2018-04-21
1492,Vikram,Verma,Male,6,5,3,112268.0,8,2020-09-30
1493,Nisha,Verma,Female,7,2,4,75925.0,15,2020-02-25
1494,Kavya,Yadav,Female,3,7,4,122413.0,4,2017-05-02
1495,Amit,Patel,Male,5,4,3,52568.0,1,2020-05-12
1496,Naveen,Kulkarni,Male,5,4,1,67483.0,2,2018-06-27
1497,Deepak,Verma,Male,4,5,5,121811.0,9,2016-08-23
1498,Priya,Patel,Female,7,6,5,69025.0,9,2016-05-17
1499,Manish,Kumar,Male,6,1,3,126354.0,7,2016-01-02
1500,Shreya,Verma,Female,3,6,4,124818.0,12,2018-03-31
1501,Anil,Reddy,Male,5,3,5,92044.0,11,2019-02-06
1502,Naveen,Kulkarni,Male,4,5,1,64942.0,8,2020-07-25
1503,Ajay,Singh,Male,3,1,5,112504.0,8,2024-11-23
1504,Divya,Yadav,Female,4,7,2,105142.0,10,2023-08-23
1505,Naveen,Reddy,Male,3,1,4,129224.0,7,2023-11-12
1506,Neha,Rao,Female,5,1,3,78155.0,7,2017-01-15
1507,Sneha,Rao,Female,2,4,3,75147.0,11,2022-06-07
1508,Naveen,Mehta,Male,2,2,2,69102.0,8,2018-07-27
1509,Anjali,Das,Female,1,1,1,132955.0,15,2016-01-28
1510,Neha,Yadav,Female,3,4,5,106330.0,8,2018-01-19
1511,Abhishek,Yadav,Male,2,1,5,112194.0,13,2022-01-23
1512,Lakshmi,Joshi,Female,7,2,4,102422.0,3,2021-02-27
1513,Varun,Patel,Male,4,5,1,92395.0,10,2022-11-14
1514,Pooja,Singh,Female,4,5,3,70605.0,11,2021-08-04
1515,Neha,Iyer,Female,4,3,4,112395.0,5,2017-06-21
1516,Deepak,Singh,Male,7,2,5,99423.0,13,2018-03-14
1517,Naveen,Das,Male,1,2,4,70125.0,15,2023-01-27
1518,Shreya,Nair,Female,3,3,5,83719.0,1,2017-02-09
1519,Swathi,Iyer,Female,6,1,4,79048.0,10,2020-01-18
1520,Neha,Sharma,Female,4,1,3,114609.0,6,2022-06-16
1521,Neha,Gupta,Female,6,5,4,61277.0,14,2020-04-09
1522,Sanjay,Kumar,Male,6,7,3,132242.0,13,2022-11-13
1523,Amit,Kumar,Male,3,2,3,130591.0,10,2019-04-08
1524,Kavya,Kulkarni,Female,4,7,3,105262.0,14,2017-11-16
1525,Deepak,Patel,Male,6,3,1,60877.0,6,2020-06-14
1526,Aisha,Sharma,Female,1,7,4,46622.0,2,2018-12-11
1527,Kavya,Patel,Female,2,6,3,133114.0,14,2017-06-01
1528,Rahul,Sharma,Male,6,3,3,113735.0,15,2022-01-23
1529,Deepak,Rao,Male,2,5,5,133712.0,14,2024-05-25
1530,Anu,Gupta,Female,4,5,2,90915.0,2,2019-06-15
1531,Karan,Sharma,Male,1,5,2,84086.0,11,2021-04-05
1532,Shreya,Nair,Female,3,1,4,121750.0,9,2018-08-05
1533,Suresh,Kulkarni,Male,5,4,4,61900.0,7,2024-01-07
1534,Karan,Reddy,Male,4,6,2,79313.0,8,2023-04-10
1535,Pooja,Iyer,Female,1,2,2,57964.0,9,2023-02-21
1536,Riya,Yadav,Female,4,2,3,49942.0,0,2016-07-22
1537,Karan,Singh,Male,2,6,4,60514.0,0,2017-01-04
1538,Rohit,Verma,Male,3,7,4,107276.0,11,2023-10-25
1539,Rahul,Singh,Male,7,4,1,76303.0,15,2018-02-26
1540,Amit,Das,Male,6,2,4,83396.0,14,2024-04-09
1541,Ajay,Joshi,Male,2,4,4,85844.0,9,2017-10-11
1542,Karan,Nair,Male,6,3,2,53327.0,11,2023-06-23
1543,Varun,Verma,Male,3,1,2,118637.0,8,2017-05-05
1544,Rahul,Yadav,Male,7,6,4,84679.0,4,2024-08-23
1545,Sneha,Joshi,Female,5,3,1,78098.0,1,2023-03-25
1546,Vikram,Nair,Male,2,3,5,104003.0,11,2024-03-22
1547,Neha,Mehta,Female,2,3,1,109844.0,15,2022-04-08
1548,Pooja,Yadav,Female,2,5,3,106393.0,10,2019-02-01
1549,Amit,Rao,Male,2,4,3,112989.0,8,2020-02-12
1550,Riya,Kumar,Female,1,5,3,82534.0,7,2024-02-01
1551,Pooja,Rao,Female,6,4,5,116352.0,4,2019-03-05
1552,Sneha,Reddy,Female,5,6,1,48509.0,1,2018-01-01
1553,Pooja,Reddy,Female,1,5,4,121420.0,15,2022-12-30
1554,Pooja,Yadav,Female,6,1,1,124950.0,6,2021-07-05
1555,Rohit,Rao,Male,6,4,3,112362.0,1,2018-12-24
1556,Sanjay,Singh,Male,1,2,5,47767.0,3,2024-02-18
1557,Arjun,Rao,Male,6,2,5,110693.0,5,2024-05-26
1558,Abhishek,Joshi,Male,5,3,4,63144.0,13,2017-11-14
1559,Nisha,Kumar,Female,5,5,4,87807.0,11,2022-03-03
1560,Shreya,Joshi,Female,4,7,3,114312.0,7,2022-02-12
1561,Neha,Nair,Female,4,4,1,68787.0,1,2022-09-06
1562,Priya,Singh,Female,2,2,3,66170.0,0,2022-03-17
1563,Amit,Sharma,Male,4,3,2,70732.0,4,2020-02-12
1564,Shreya,Singh,Female,1,5,4,49118.0,6,2024-02-11
1565,Naveen,Iyer,Male,6,6,5,112518.0,3,2023-03-15
1566,Sneha,Das,Female,1,7,3,103425.0,11,2020-09-02
1567,Deepak,Joshi,Male,7,5,1,55094.0,12,2019-06-02
1568,Rohit,Rao,Male,6,2,2,119794.0,1,2024-03-15
1569,Arjun,Verma,Male,3,7,4,53326.0,4,2019-10-08
1570,Ajay,Verma,Male,3,1,4,66588.0,13,2024-07-18
1571,Naveen,Verma,Male,6,5,2,72260.0,7,2016-10-20
1572,Nisha,Kulkarni,Female,5,1,1,105014.0,13,2020-02-05
1573,Meera,Joshi,Female,1,7,3,83338.0,5,2022-11-29
1574,Priya,Kulkarni,Female,7,2,2,66946.0,11,2024-06-30
1575,Arjun,Yadav,Male,2,7,3,74993.0,0,2023-10-12
1576,Priya,Gupta,Female,2,6,5,65712.0,6,2022-02-16
1577,Meera,Mehta,Female,2,6,1,124415.0,12,2023-06-10
1578,Rahul,Singh,Male,2,7,5,48957.0,8,2021-03-19
1579,Nisha,Iyer,Female,6,3,1,68337.0,0,2023-04-13
1580,Aisha,Mehta,Female,1,3,4,57434.0,2,2018-03-25
1581,Rahul,Patel,Male,5,3,3,104063.0,15,2024-05-07
1582,Neha,Joshi,Female,3,2,5,50127.0,8,2023-01-07
1583,Ajay,Singh,Male,2,2,3,134105.0,12,2017-07-16
1584,Suresh,Patel,Male,5,2,4,122846.0,9,2019-09-10
1585,Varun,Kumar,Male,5,5,2,76501.0,4,2023-09-21
1586,Anu,Das,Female,2,6,5,79114.0,5,2016-10-04
1587,Vikram,Gupta,Male,7,2,1,99269.0,10,2020-08-11
1588,Anjali,Das,Female,2,1,2,40933.0,5,2024-07-19
1589,Manish,Patel,Male,2,6,1,56917.0,11,2023-09-19
1590,Riya,Joshi,Female,3,2,4,114608.0,15,2017-07-17
1591,Suresh,Das,Male,1,3,4,128493.0,7,2018-04-10
1592,Lakshmi,Yadav,Female,4,6,3,83346.0,14,2020-10-17
1593,Riya,Gupta,Female,4,5,5,99742.0,1,2017-03-23
1594,Anil,Patel,Male,5,5,4,104598.0,1,2020-05-05
1595,Arjun,Singh,Male,4,4,3,103969.0,9,2017-11-12
1596,Deepak,Rao,Male,2,4,4,98622.0,2,2017-04-08
1597,Suresh,Verma,Male,3,4,1,96964.0,5,2022-08-14
1598,Karan,Gupta,Male,6,6,2,46452.0,3,2017-04-12
1599,Ajay,Mehta,Male,4,6,5,87134.0,5,2022-03-04
1600,Anil,Gupta,Male,5,7,2,56453.0,5,2018-01-02
1601,Riya,Das,Female,4,3,2,51745.0,3,2018-04-10
1602,Priya,Nair,Female,4,7,4,109689.0,0,2021-07-14
1603,Swathi,Verma,Female,4,1,5,62075.0,0,2022-02-19
1604,Rahul,Kumar,Male,2,1,3,50554.0,1,2016-05-12
1605,Neha,Kulkarni,Female,1,1,1,72863.0,13,2017-10-22
1606,Naveen,Mehta,Male,5,3,1,72229.0,2,2019-08-15
1607,Abhishek,Verma,Male,7,5,1,105210.0,9,2017-07-05
1608,Neha,Rao,Female,4,5,2,119223.0,6,2016-08-26
1609,Naveen,Mehta,Male,6,5,3,129302.0,13,2019-07-20
1610,Anu,Kumar,Female,5,5,4,117053.0,15,2018-01-06
1611,Pooja,Sharma,Female,1,1,4,61675.0,3,2024-12-19
1612,Priya,Gupta,Female,3,5,2,113967.0,0,2018-04-04
1613,Karan,Singh,Male,5,5,3,44920.0,0,2023-09-10
1614,Sanjay,Kumar,Male,2,3,3,114693.0,15,2024-12-09
1615,Anjali,Joshi,Female,4,7,5,105616.0,10,2024-10-16
1616,Sanjay,Rao,Male,3,5,3,57297.0,0,2022-06-23
1617,Sneha,Kumar,Female,3,7,1,94183.0,10,2023-01-10
1618,Anjali,Yadav,Female,1,7,3,49145.0,10,2019-01-17
1619,Rohit,Nair,Male,7,3,2,66439.0,9,2017-04-04
1620,Anil,Reddy,Male,4,5,1,118043.0,15,2017-09-23
1621,Riya,Iyer,Female,5,3,3,48878.0,4,2021-10-15
1622,Naveen,Verma,Male,6,7,5,35038.0,3,2019-06-27
1623,Rohit,Nair,Male,1,1,5,46446.0,9,2022-06-23
1624,Rohit,Patel,Male,2,3,3,102817.0,10,2023-07-11
1625,Karan,Reddy,Male,1,5,5,61576.0,3,2022-01-31
1626,Anjali,Mehta,Female,7,3,5,62949.0,7,2016-10-18
1627,Aisha,Nair,Female,1,2,1,141038.0,15,2016-07-25
1628,Suresh,Verma,Male,2,6,5,131781.0,14,2019-12-27
1629,Deepak,Das,Male,6,7,5,94039.0,2,2022-05-14
1630,Sneha,Nair,Female,3,6,4,82868.0,15,2018-07-05
1631,Anu,Gupta,Female,4,2,3,104412.0,10,2021-06-19
1632,Rohit,Nair,Male,4,7,2,89193.0,9,2022-10-11
1633,Suresh,Iyer,Male,6,7,1,117895.0,10,2023-04-14
1634,Divya,Yadav,Female,4,2,5,112320.0,7,2017-10-13
1635,Pooja,Iyer,Female,6,5,4,123845.0,13,2024-10-29
1636,Vikram,Joshi,Male,6,1,5,67484.0,15,2022-08-22
1637,Sanjay,Nair,Male,2,3,4,111415.0,2,2017-03-21
1638,Neha,Nair,Female,6,6,1,61522.0,2,2017-07-23
1639,Abhishek,Kumar,Male,6,2,4,94615.0,9,2022-11-26
1640,Varun,Kulkarni,Male,3,3,5,100480.0,9,2024-01-19
1641,Manish,Rao,Male,4,7,2,51680.0,9,2020-02-21
1642,Deepak,Rao,Male,7,3,1,47587.0,9,2018-08-21
1643,Nisha,Gupta,Female,6,4,4,105041.0,12,2022-02-10
1644,Anjali,Patel,Female,5,4,3,69720.0,13,2019-03-27
1645,Varun,Sharma,Male,2,6,4,67296.0,13,2016-12-12
1646,Lakshmi,Nair,Female,7,6,5,131190.0,13,2018-01-06
1647,Divya,Gupta,Female,2,2,4,105751.0,0,2021-08-02
1648,Divya,Kulkarni,Female,5,5,3,36463.0,1,2022-05-16
1649,Manish,Nair,Male,6,1,2,102940.0,8,2021-10-18
1650,Arjun,Nair,Male,6,6,1,123852.0,9,2016-08-04
1651,Naveen,Nair,Male,5,4,5,100183.0,10,2019-12-16
1652,Deepak,Kulkarni,Male,5,6,3,50050.0,8,2023-01-21
1653,Varun,Singh,Male,7,6,5,67593.0,0,2021-06-08
1654,Sanjay,Das,Male,3,3,2,78073.0,8,2018-11-18
1655,Anil,Yadav,Male,6,2,4,69489.0,11,2018-12-06
1656,Rohit,Reddy,Male,2,5,2,106625.0,15,2024-08-21
1657,Riya,Joshi,Female,2,2,5,53620.0,11,2023-03-15
1658,Rahul,Kumar,Male,4,4,4,105925.0,9,2024-05-14
1659,Swathi,Singh,Female,2,5,4,67852.0,0,2024-12-09
1660,Aisha,Joshi,Female,1,1,5,103095.0,11,2022-11-05
1661,Shreya,Reddy,Female,3,6,5,108438.0,12,2024-09-01
1662,Ajay,Gupta,Male,6,6,2,116776.0,10,2016-02-13
1663,Suresh,Reddy,Male,5,1,4,75259.0,11,2024-02-18
1664,Rahul,Yadav,Male,1,1,5,117562.0,6,2023-02-26
1665,Amit,Iyer,Male,5,2,4,52028.0,5,2023-10-20
1666,Nisha,Kulkarni,Female,1,6,4,97965.0,8,2023-10-06
1667,Karan,Das,Male,1,4,4,52872.0,10,2018-11-23
1668,Naveen,Kulkarni,Male,2,5,4,122104.0,5,2021-07-08
1669,Pooja,Yadav,Female,6,1,4,55538.0,8,2016-05-22
1670,Shreya,Nair,Female,1,4,2,34959.0,0,2023-06-15
1671,Anu,Verma,Female,5,1,5,115170.0,15,2020-11-21
1672,Ajay,Patel,Male,1,4,4,108849.0,3,2022-01-01
1673,Divya,Sharma,Female,6,6,1,116574.0,11,2019-10-24
1674,Nisha,Patel,Female,2,5,1,134603.0,12,2018-02-21
1675,Varun,Mehta,Male,3,4,1,75833.0,14,2017-07-27
1676,Naveen,Verma,Male,1,7,5,108994.0,9,2021-12-27
1677,Rahul,Gupta,Male,1,3,1,63491.0,12,2018-05-17
1678,Deepak,Yadav,Male,2,1,1,100080.0,4,2023-05-02
1679,Arjun,Mehta,Male,6,2,1,120424.0,5,2016-07-23
1680,Naveen,Yadav,Male,2,7,5,46937.0,2,2017-04-12
1681,Amit,Das,Male,2,4,3,90498.0,12,2017-05-09
1682,Lakshmi,Das,Female,2,7,1,81475.0,5,2016-09-15
1683,Anjali,Mehta,Female,3,5,2,82934.0,14,2022-07-11
1684,Shreya,Kumar,Female,1,4,1,30946.0,0,2018-01-04
1685,Divya,Mehta,Female,7,7,4,63021.0,4,2017-08-09
1686,Pooja,Kumar,Female,5,6,1,103021.0,5,2022-11-11
1687,Neha,Verma,Female,1,5,2,54401.0,6,2021-12-11
1688,Naveen,Das,Male,6,6,2,48955.0,8,2018-03-04
1689,Swathi,Kumar,Female,2,6,1,116023.0,1,2020-01-31
1690,Neha,Yadav,Female,7,7,4,45186.0,1,2024-04-20
1691,Vikram,Das,Male,1,4,5,43787.0,3,2018-08-21
1692,Divya,Patel,Female,6,6,3,54935.0,7,2019-08-28
1693,Lakshmi,Patel,Female,4,2,1,129189.0,15,2021-06-07
1694,Arjun,Kulkarni,Male,5,4,2,96953.0,12,2017-07-12
1695,Kavya,Patel,Female,3,2,1,68279.0,1,2017-07-13
1696,Divya,Kumar,Female,7,3,2,122619.0,9,2017-10-04
1697,Amit,Verma,Male,7,5,4,116539.0,6,2021-04-23
1698,Riya,Iyer,Female,2,2,3,125451.0,13,2018-06-29
1699,Suresh,Sharma,Male,1,4,5,87297.0,1,2021-12-15
1700,Naveen,Nair,Male,2,1,5,83296.0,0,2018-06-11
1701,Varun,Reddy,Male,1,4,3,97699.0,5,2022-05-25
1702,Swathi,Das,Female,2,7,4,86051.0,5,2023-01-11
1703,Sanjay,Joshi,Male,1,4,3,70374.0,1,2020-10-10
1704,Abhishek,Joshi,Male,1,5,3,98967.0,1,2023-07-26
1705,Suresh,Gupta,Male,4,5,1,94529.0,11,2017-12-18
1706,Vikram,Gupta,Male,2,5,1,128537.0,15,2023-11-18
1707,Rohit,Gupta,Male,3,5,4,49138.0,8,2016-09-16
1708,Aisha,Rao,Female,7,1,4,102741.0,9,2022-12-18
1709,Arjun,Kulkarni,Male,4,1,1,71437.0,12,2019-03-27
1710,Sneha,Mehta,Female,2,4,2,107247.0,6,2023-01-13
1711,Naveen,Gupta,Male,4,4,1,68280.0,9,2016-09-14
1712,Sanjay,Rao,Male,6,3,4,130951.0,10,2023-03-31
1713,Swathi,Singh,Female,5,2,3,71579.0,5,2018-07-17
1714,Shreya,Iyer,Female,1,2,3,103259.0,9,2017-11-12
1715,Anjali,Kumar,Female,7,6,2,68682.0,5,2017-04-23
1716,Naveen,Singh,Male,3,2,2,118735.0,1,2019-07-22
1717,Aisha,Kumar,Female,5,3,1,83026.0,0,2021-08-07
1718,Anjali,Sharma,Female,6,5,5,129835.0,10,2023-11-29
1719,Shreya,Yadav,Female,6,2,5,95392.0,14,2023-09-23
1720,Vikram,Joshi,Male,5,1,3,82642.0,0,2022-12-04
1721,Rohit,Sharma,Male,5,6,2,76928.0,7,2018-03-12
1722,Nisha,Joshi,Female,1,5,4,103286.0,6,2019-07-25
1723,Anil,Joshi,Male,3,4,2,97948.0,13,2020-04-30
1724,Neha,Singh,Female,4,7,5,61271.0,2,2024-02-29
1725,Shreya,Nair,Female,3,2,4,67793.0,13,2022-08-02
1726,Karan,Nair,Male,7,5,3,110421.0,2,2024-06-24
1727,Nisha,Kulkarni,Female,3,4,2,125437.0,14,2024-06-20
1728,Kavya,Rao,Female,4,1,3,108262.0,9,2022-04-09
1729,Vikram,Singh,Male,3,6,4,120196.0,3,2023-06-20
1730,Anu,Mehta,Female,6,2,1,70835.0,3,2021-07-12
1731,Meera,Nair,Female,5,4,3,68174.0,15,2020-03-08
1732,Sanjay,Singh,Male,2,5,1,77901.0,4,2021-03-03
1733,Karan,Gupta,Male,4,6,3,69492.0,1,2019-04-09
1734,Ajay,Patel,Male,7,6,2,112980.0,3,2024-06-09
1735,Lakshmi,Iyer,Female,6,7,3,131842.0,8,2023-10-29
1736,Lakshmi,Kumar,Female,1,2,5,92391.0,9,2024-09-24
1737,Amit,Patel,Male,2,5,2,112224.0,6,2022-11-17
1738,Suresh,Nair,Male,1,1,2,92851.0,0,2019-11-27
1739,Sanjay,Nair,Male,5,5,3,77435.0,5,2016-04-27
1740,Deepak,Patel,Male,3,2,2,46302.0,4,2020-10-06
1741,Shreya,Verma,Female,1,2,1,117979.0,1,2021-10-04
1742,Anil,Singh,Male,1,1,3,42648.0,0,2024-10-09
1743,Manish,Kulkarni,Male,2,2,3,41898.0,0,2017-08-19
1744,Neha,Kumar,Female,7,5,5,106679.0,7,2022-05-24
1745,Ajay,Patel,Male,6,2,3,107902.0,5,2016-01-18
1746,Neha,Mehta,Female,5,2,4,58204.0,3,2019-12-24
1747,Suresh,Reddy,Male,7,3,1,65459.0,14,2021-10-29
1748,Riya,Singh,Female,5,6,1,76006.0,2,2021-07-15
1749,Meera,Mehta,Female,3,6,4,113102.0,7,2020-07-26
1750,Pooja,Iyer,Female,1,7,4,70000.0,11,2016-02-22
1751,Swathi,Rao,Female,6,6,1,53291.0,3,2020-06-05
1752,Deepak,Kulkarni,Male,2,1,3,83385.0,6,2018-03-31
1753,Sneha,Patel,Female,7,4,4,118273.0,8,2022-08-28
1754,Neha,Nair,Female,6,5,4,119532.0,15,2019-02-16
1755,Amit,Singh,Male,4,4,2,39895.0,4,2017-02-11
1756,Nisha,Sharma,Female,2,4,5,65019.0,10,2019-05-25
1757,Varun,Das,Male,5,7,4,77467.0,14,2019-04-17
1758,Aisha,Gupta,Female,7,7,5,34141.0,0,2020-10-28
1759,Lakshmi,Verma,Female,4,4,1,54682.0,1,2022-03-30
1760,Naveen,Verma,Male,2,3,4,66836.0,15,2022-05-19
1761,Swathi,Rao,Female,7,2,5,82799.0,1,2018-12-14
1762,Meera,Joshi,Female,3,7,3,53050.0,10,2016-04-25
1763,Neha,Das,Female,6,5,1,94882.0,10,2017-02-02
1764,Divya,Gupta,Female,1,6,2,71252.0,7,2023-04-08
1765,Sanjay,Singh,Male,1,3,2,100571.0,0,2019-08-28
1766,Meera,Rao,Female,4,3,1,129568.0,15,2016-04-01
1767,Neha,Yadav,Female,1,7,4,122988.0,3,2018-04-23
1768,Anjali,Yadav,Female,3,3,4,104136.0,6,2023-02-15
1769,Karan,Singh,Male,1,3,5,77607.0,12,2023-01-02
1770,Manish,Gupta,Male,3,1,5,108481.0,15,2018-05-09
1771,Aisha,Das,Female,3,4,5,71224.0,10,2020-08-24
1772,Nisha,Das,Female,5,2,1,113108.0,5,2021-08-06
1773,Kavya,Kulkarni,Female,6,5,5,123702.0,13,2024-02-24
1774,Swathi,Kumar,Female,2,2,3,103273.0,13,2019-07-29
1775,Kavya,Iyer,Female,3,6,2,120804.0,8,2018-08-25
1776,Arjun,Sharma,Male,2,7,3,114620.0,14,2022-04-12
1777,Arjun,Kumar,Male,3,2,1,78408.0,8,2023-05-21
1778,Deepak,Nair,Male,7,1,1,74144.0,2,2022-09-30
1779,Anu,Gupta,Female,6,6,1,66423.0,12,2018-08-24
1780,Ajay,Joshi,Male,7,5,5,107070.0,8,2017-01-04
1781,Neha,Iyer,Female,5,6,4,95926.0,7,2018-06-11
1782,Karan,Nair,Male,4,3,5,95772.0,1,2021-12-25
1783,Rohit,Rao,Male,4,4,2,60993.0,8,2020-01-26
1784,Priya,Joshi,Female,5,1,1,73658.0,7,2022-03-13
1785,Anu,Das,Female,6,1,5,98486.0,7,2020-05-10
1786,Anu,Kulkarni,Female,3,3,1,79483.0,7,2018-05-11
1787,Anu,Das,Female,7,6,4,67418.0,1,2016-11-24
1788,Anu,Iyer,Female,3,6,4,55516.0,3,2023-10-31
1789,Divya,Yadav,Female,6,7,5,104409.0,10,2023-10-18
1790,Varun,Nair,Male,7,6,2,82515.0,0,2018-03-30
1791,Amit,Kumar,Male,2,5,2,91364.0,13,2021-01-23
1792,Karan,Kumar,Male,6,5,3,69539.0,9,2016-12-11
1793,Anu,Verma,Female,7,5,2,33010.0,0,2022-04-06
1794,Naveen,Patel,Male,3,6,2,84064.0,1,2022-12-06
1795,Amit,Gupta,Male,2,5,1,98922.0,0,2020-11-17
1796,Sneha,Patel,Female,6,2,2,79743.0,8,2024-05-15
1797,Lakshmi,Patel,Female,5,2,3,93831.0,6,2018-01-08
1798,Karan,Singh,Male,2,5,4,88949.0,7,2022-07-15
1799,Anjali,Iyer,Female,3,6,4,89265.0,6,2023-12-11
1800,Sneha,Reddy,Female,5,1,1,75781.0,10,2021-04-12
1801,Rahul,Singh,Male,5,5,4,95233.0,9,2023-07-12
1802,Manish,Kumar,Male,3,2,5,96956.0,15,2021-04-01
1803,Anjali,Singh,Female,1,3,1,101432.0,4,2019-02-24
1804,Anu,Kulkarni,Female,3,5,3,102117.0,10,2017-11-06
1805,Shreya,Kumar,Female,5,7,4,56262.0,1,2017-08-31
1806,Naveen,Singh,Male,2,6,4,64707.0,13,2021-07-20
1807,Swathi,Nair,Female,1,7,2,80323.0,3,2017-01-18
1808,Sanjay,Kumar,Male,6,5,3,115486.0,6,2016-01-17
1809,Suresh,Kulkarni,Male,1,2,4,77577.0,3,2016-04-16
1810,Suresh,Gupta,Male,5,1,3,39784.0,4,2016-11-28
1811,Swathi,Joshi,Female,3,5,1,50747.0,10,2023-05-11
1812,Riya,Mehta,Female,7,5,2,45380.0,6,2024-12-27
1813,Deepak,Reddy,Male,5,5,4,85279.0,2,2018-11-11
1814,Sneha,Sharma,Female,7,2,2,100742.0,12,2019-03-13
1815,Shreya,Verma,Female,6,7,3,83060.0,4,2023-06-18
1816,Naveen,Nair,Male,4,4,3,61325.0,13,2024-06-25
1817,Suresh,Joshi,Male,4,1,1,105755.0,10,2023-08-02
1818,Anil,Nair,Male,5,6,5,71103.0,2,2021-04-01
1819,Kavya,Kumar,Female,2,6,3,109062.0,7,2020-10-17
1820,Anil,Sharma,Male,5,1,5,103635.0,13,2017-01-22
1821,Neha,Singh,Female,5,1,5,44933.0,0,2024-04-21
1822,Sanjay,Verma,Male,1,1,4,84649.0,9,2022-08-02
1823,Meera,Das,Female,3,3,2,63259.0,6,2016-11-16
1824,Suresh,Rao,Male,1,1,4,36243.0,3,2017-12-04
1825,Lakshmi,Joshi,Female,6,5,4,124567.0,9,2022-12-01
1826,Shreya,Singh,Female,1,2,2,55008.0,0,2017-04-03
1827,Sanjay,Sharma,Male,2,4,2,97619.0,7,2023-01-08
1828,Shreya,Nair,Female,2,4,4,45264.0,0,2017-11-11
1829,Swathi,Nair,Female,1,7,4,66889.0,7,2019-04-22
1830,Priya,Gupta,Female,1,1,4,114472.0,13,2024-04-07
1831,Priya,Nair,Female,4,4,5,82896.0,15,2024-01-04
1832,Meera,Gupta,Female,5,1,3,111541.0,13,2017-04-23
1833,Swathi,Mehta,Female,4,1,2,68692.0,9,2021-04-06
1834,Manish,Kulkarni,Male,6,3,5,68191.0,14,2019-04-16
1835,Shreya,Nair,Female,7,7,2,76022.0,6,2023-09-30
1836,Vikram,Patel,Male,2,5,4,89023.0,3,2021-07-15
1837,Rahul,Gupta,Male,3,3,2,103491.0,5,2016-05-10
1838,Manish,Patel,Male,1,5,2,86293.0,15,2019-10-25
1839,Anu,Kumar,Female,7,6,5,41108.0,3,2020-11-28
1840,Amit,Das,Male,5,5,1,97993.0,1,2017-03-07
1841,Anil,Gupta,Male,2,6,3,117308.0,14,2021-08-03
1842,Neha,Iyer,Female,2,1,2,105493.0,14,2024-08-16
1843,Neha,Singh,Female,5,2,1,90815.0,8,2024-01-08
1844,Vikram,Das,Male,7,5,4,58587.0,7,2024-12-28
1845,Anu,Nair,Female,7,5,3,88009.0,0,2017-08-19
1846,Amit,Gupta,Male,3,4,2,57556.0,13,2020-05-29
1847,Anil,Yadav,Male,1,6,5,98459.0,9,2020-07-04
1848,Anu,Gupta,Female,1,7,3,88944.0,4,2021-01-01
1849,Riya,Gupta,Female,7,7,4,78522.0,6,2016-12-11
1850,Riya,Mehta,Female,6,2,5,71514.0,9,2017-01-15
1851,Shreya,Joshi,Female,2,1,1,73632.0,8,2024-09-05
1852,Deepak,Sharma,Male,7,3,3,62728.0,11,2016-07-14
1853,Naveen,Gupta,Male,2,7,5,86419.0,7,2019-05-10
1854,Deepak,Verma,Male,5,6,2,77471.0,3,2021-10-16
1855,Swathi,Reddy,Female,2,6,4,60240.0,13,2017-01-12
1856,Naveen,Patel,Male,4,1,3,125101.0,12,2022-04-08
1857,Meera,Nair,Female,6,4,4,107146.0,15,2017-10-29
1858,Riya,Nair,Female,2,6,5,62371.0,3,2021-02-08
1859,Ajay,Gupta,Male,1,5,4,50342.0,3,2020-02-22
1860,Amit,Gupta,Male,3,3,3,107191.0,9,2016-04-24
1861,Priya,Kulkarni,Female,3,3,2,101567.0,5,2016-01-09
1862,Sanjay,Sharma,Male,4,4,5,117655.0,9,2021-01-26
1863,Lakshmi,Mehta,Female,7,5,2,102160.0,4,2023-02-19
1864,Anjali,Iyer,Female,6,3,1,100255.0,13,2018-08-11
1865,Varun,Kulkarni,Male,4,6,3,54707.0,2,2023-12-06
1866,Aisha,Joshi,Female,1,6,5,58221.0,2,2022-12-09
1867,Manish,Rao,Male,2,7,4,45765.0,0,2023-05-20
1868,Karan,Das,Male,2,2,5,62094.0,14,2021-12-25
1869,Naveen,Iyer,Male,1,3,4,91886.0,5,2016-04-08
1870,Sneha,Reddy,Female,1,5,2,62378.0,9,2018-01-18
1871,Karan,Verma,Male,6,2,1,68784.0,10,2016-04-21
1872,Rohit,Kumar,Male,4,3,3,63855.0,12,2016-07-31
1873,Naveen,Rao,Male,7,5,4,69796.0,3,2016-09-05
1874,Sneha,Nair,Female,1,4,2,65279.0,0,2022-03-19
1875,Abhishek,Rao,Male,6,7,2,117981.0,9,2020-07-24
1876,Abhishek,Kumar,Male,3,5,2,110955.0,7,2020-10-01
1877,Sanjay,Nair,Male,7,5,3,37571.0,5,2016-09-03
1878,Lakshmi,Joshi,Female,4,3,2,49461.0,9,2017-10-23
1879,Sneha,Verma,Female,6,1,2,98618.0,8,2018-05-13
1880,Anu,Joshi,Female,3,6,3,86784.0,14,2018-10-04
1881,Meera,Gupta,Female,1,6,2,109794.0,0,2021-05-05
1882,Suresh,Rao,Male,6,6,4,118533.0,12,2016-11-28
1883,Nisha,Reddy,Female,3,7,4,97192.0,11,2017-12-26
1884,Anu,Patel,Female,4,1,2,66848.0,0,2023-08-19
1885,Shreya,Mehta,Female,2,2,4,51322.0,11,2019-02-23
1886,Rahul,Patel,Male,7,6,4,70852.0,3,2022-05-20
1887,Varun,Mehta,Male,5,6,5,46066.0,5,2022-08-06
1888,Karan,Kulkarni,Male,5,7,2,67146.0,8,2023-08-09
1889,Nisha,Rao,Female,4,1,4,73836.0,1,2020-11-06
1890,Swathi,Gupta,Female,5,7,1,46655.0,7,2019-02-12
1891,Priya,Verma,Female,2,3,1,59573.0,0,2023-09-25
1892,Arjun,Kumar,Male,3,3,1,38153.0,3,2021-05-19
1893,Lakshmi,Singh,Female,2,1,4,85169.0,7,2016-08-10
1894,Amit,Das,Male,5,5,4,116465.0,3,2021-01-02
1895,Anil,Sharma,Male,4,3,1,44126.0,4,2020-12-15
1896,Sneha,Reddy,Female,6,1,5,70155.0,1,2020-04-11
1897,Pooja,Iyer,Female,5,7,5,89429.0,0,2020-04-21
1898,Rohit,Joshi,Male,6,7,1,118792.0,14,2019-09-06
1899,Rahul,Yadav,Male,6,1,5,114132.0,6,2017-05-31
1900,Swathi,Mehta,Female,5,4,2,58545.0,7,2024-12-08
1901,Meera,Verma,Female,5,6,3,120002.0,9,2022-01-25
1902,Meera,Gupta,Female,3,3,1,43512.0,4,2018-08-30
1903,Suresh,Gupta,Male,2,2,2,77767.0,2,2018-02-14
1904,Meera,Mehta,Female,3,7,5,125753.0,10,2019-05-12
1905,Naveen,Kulkarni,Male,7,1,4,40984.0,7,2023-03-01
1906,Meera,Patel,Female,2,4,3,74911.0,12,2020-06-27
1907,Rohit,Sharma,Male,1,3,1,53164.0,3,2019-04-05
1908,Priya,Sharma,Female,2,2,3,66197.0,5,2018-12-09
1909,Vikram,Patel,Male,1,2,3,37251.0,3,2023-08-06
1910,Rohit,Kulkarni,Male,2,3,4,88949.0,7,2020-03-05
1911,Anu,Mehta,Female,1,1,2,60856.0,4,2018-02-24
1912,Neha,Yadav,Female,4,6,2,112244.0,1,2022-08-02
1913,Shreya,Kumar,Female,3,2,1,58575.0,8,2021-09-12
1914,Deepak,Reddy,Male,7,4,5,54945.0,2,2021-09-14
1915,Swathi,Rao,Female,4,2,3,115375.0,11,2023-10-15
1916,Swathi,Singh,Female,5,4,5,58658.0,1,2018-06-18
1917,Suresh,Patel,Male,3,4,4,86534.0,5,2018-11-08
1918,Karan,Nair,Male,5,3,2,92481.0,1,2021-09-29
1919,Swathi,Verma,Female,4,3,4,80785.0,10,2020-04-15
1920,Karan,Joshi,Male,1,3,1,109267.0,9,2021-10-01
1921,Anu,Patel,Female,1,1,1,51517.0,11,2022-02-14
1922,Kavya,Singh,Female,6,7,3,118171.0,6,2017-07-18
1923,Abhishek,Singh,Male,3,7,3,101183.0,12,2022-07-03
1924,Sanjay,Verma,Male,2,2,2,83134.0,15,2021-10-13
1925,Riya,Iyer,Female,4,3,1,69621.0,10,2020-10-22
1926,Lakshmi,Rao,Female,1,3,2,76051.0,4,2024-04-10
1927,Neha,Patel,Female,4,4,4,86239.0,9,2022-08-01
1928,Anil,Kumar,Male,2,3,5,97980.0,12,2018-04-16
1929,Pooja,Nair,Female,1,3,5,134755.0,14,2019-06-01
1930,Rahul,Iyer,Male,6,5,4,54470.0,0,2018-03-26
1931,Kavya,Patel,Female,2,3,5,92593.0,2,2016-08-23
1932,Rohit,Iyer,Male,4,4,2,51426.0,3,2022-01-06
1933,Suresh,Kulkarni,Male,7,2,2,79600.0,6,2020-11-05
1934,Meera,Patel,Female,5,6,4,68437.0,8,2016-01-31
1935,Meera,Das,Female,2,5,3,112819.0,15,2021-03-10
1936,Karan,Joshi,Male,4,3,3,128350.0,12,2017-12-18
1937,Swathi,Verma,Female,6,2,5,86083.0,3,2023-11-01
1938,Karan,Kulkarni,Male,6,5,3,61476.0,2,2021-07-14
1939,Rohit,Reddy,Male,7,1,5,98752.0,10,2021-01-21
1940,Naveen,Sharma,Male,1,6,4,93043.0,12,2024-05-13
1941,Priya,Sharma,Female,3,1,2,132856.0,10,2024-05-24
1942,Amit,Rao,Male,6,2,4,97707.0,4,2019-02-17
1943,Manish,Reddy,Male,2,3,1,70079.0,12,2016-11-13
1944,Naveen,Gupta,Male,2,2,1,96941.0,6,2023-10-24
1945,Suresh,Mehta,Male,3,4,1,36378.0,0,2024-08-29
1946,Rohit,Kulkarni,Male,2,2,1,85270.0,0,2016-04-24
1947,Varun,Joshi,Male,1,2,1,59395.0,5,2016-06-29
1948,Neha,Rao,Female,6,2,5,110002.0,6,2020-06-06
1949,Amit,Gupta,Male,3,2,1,133720.0,12,2019-07-19
1950,Pooja,Reddy,Female,6,7,3,52259.0,11,2016-10-02
1951,Sneha,Mehta,Female,5,7,5,70522.0,5,2017-01-23
1952,Nisha,Kulkarni,Female,7,6,2,67980.0,10,2023-02-15
1953,Sneha,Gupta,Female,1,5,5,101118.0,14,2021-09-24
1954,Arjun,Sharma,Male,5,7,1,74484.0,9,2024-04-10
1955,Rahul,Kumar,Male,3,4,3,58879.0,6,2020-03-19
1956,Anil,Mehta,Male,5,4,3,72454.0,4,2019-07-24
1957,Nisha,Iyer,Female,3,7,1,83920.0,7,2019-11-04
1958,Anil,Kulkarni,Male,6,2,2,116350.0,12,2019-08-10
1959,Amit,Iyer,Male,4,1,2,114647.0,1,2017-08-02
1960,Manish,Rao,Male,7,7,2,107009.0,7,2016-11-16
1961,Anjali,Mehta,Female,2,2,4,116910.0,5,2018-10-16
1962,Nisha,Patel,Female,3,7,4,80131.0,2,2020-06-19
1963,Divya,Rao,Female,5,6,4,99176.0,4,2016-03-22
1964,Abhishek,Kulkarni,Male,3,5,5,108463.0,4,2024-02-24
1965,Kavya,Nair,Female,3,4,5,61929.0,15,2019-09-26
1966,Vikram,Kulkarni,Male,2,1,1,110915.0,11,2020-07-15
1967,Divya,Nair,Female,3,6,5,86580.0,2,2016-06-08
1968,Arjun,Das,Male,4,3,3,135728.0,15,2023-09-21
1969,Anu,Verma,Female,6,2,2,57022.0,15,2020-01-20
1970,Karan,Yadav,Male,4,6,2,74429.0,8,2022-10-02
1971,Rahul,Reddy,Male,7,1,4,124829.0,12,2016-11-25
1972,Anjali,Iyer,Female,4,3,3,124818.0,12,2019-06-15
1973,Amit,Joshi,Male,5,7,3,71261.0,4,2024-05-24
1974,Riya,Singh,Female,1,2,4,42697.0,0,2016-10-13
1975,Riya,Verma,Female,2,2,3,55107.0,5,2018-03-22
1976,Naveen,Yadav,Male,7,2,2,46730.0,6,2024-05-29
1977,Karan,Kulkarni,Male,7,4,4,117918.0,3,2017-11-11
1978,Sneha,Singh,Female,1,3,1,103138.0,7,2021-06-10
1979,Shreya,Sharma,Female,6,5,1,62165.0,3,2021-11-09
1980,Anu,Nair,Female,4,7,3,93612.0,13,2020-02-27
1981,Rohit,Joshi,Male,4,4,5,78165.0,1,2019-09-14
1982,Riya,Iyer,Female,2,1,5,104050.0,3,2019-02-18
1983,Aisha,Verma,Female,6,2,1,47179.0,10,2023-02-08
1984,Nisha,Nair,Female,2,5,4,128293.0,12,2024-11-26
1985,Nisha,Iyer,Female,6,1,4,123083.0,9,2018-03-10
1986,Vikram,Nair,Male,7,1,3,73027.0,14,2021-01-01
1987,Arjun,Patel,Male,2,7,1,91502.0,3,2024-01-10
1988,Anu,Verma,Female,7,3,2,129285.0,8,2021-05-04
1989,Sneha,Das,Female,6,3,2,117408.0,2,2019-11-06
1990,Nisha,Joshi,Female,7,5,4,69801.0,7,2018-11-27
1991,Amit,Gupta,Male,6,5,2,109583.0,3,2020-02-15
1992,Meera,Mehta,Female,1,3,1,89875.0,6,2020-10-01
1993,Ajay,Joshi,Male,5,5,2,86314.0,3,2016-02-07
1994,Anjali,Iyer,Female,3,7,2,141626.0,15,2021-02-09
1995,Deepak,Joshi,Male,7,7,1,85487.0,10,2021-08-19
1996,Nisha,Iyer,Female,2,4,3,55708.0,12,2019-09-26
1997,Sanjay,Mehta,Male,7,2,1,101398.0,5,2024-02-27
1998,Rahul,Rao,Male,4,3,4,98153.0,15,2024-06-30
1999,Kavya,Mehta,Female,2,6,5,60755.0,12,2017-06-20
2000,Sanjay,Kulkarni,Male,6,3,4,113149.0,5,2017-07-17
